{
  "conditions": {
    "A": {
      "label": "A: flat token-overlap",
      "total": 170,
      "full_recall": 130,
      "partial_hits": 165,
      "mean_recall": 0.8687206891532151,
      "mean_tokens": 208.13529411764705,
      "tokens_per_correct": 272.17692307692306,
      "by_hop": {
        "0": {
          "hops": 0,
          "n": 57,
          "mean_recall": 0.8917985465973082,
          "hit_rate": 0.9824561403508771,
          "mean_tokens": 185.91228070175438,
          "correct_count": 46
        },
        "1": {
          "hops": 1,
          "n": 88,
          "mean_recall": 0.9223484848484848,
          "hit_rate": 0.9545454545454546,
          "mean_tokens": 218.02272727272728,
          "correct_count": 78
        },
        "4": {
          "hops": 4,
          "n": 13,
          "mean_recall": 0.43076923076923074,
          "hit_rate": 1.0,
          "mean_tokens": 246.76923076923077,
          "correct_count": 0
        },
        "3": {
          "hops": 3,
          "n": 6,
          "mean_recall": 0.9583333333333334,
          "hit_rate": 1.0,
          "mean_tokens": 172.16666666666666,
          "correct_count": 5
        },
        "5": {
          "hops": 5,
          "n": 5,
          "mean_recall": 0.6666666666666666,
          "hit_rate": 1.0,
          "mean_tokens": 243.4,
          "correct_count": 0
        },
        "2": {
          "hops": 2,
          "n": 1,
          "mean_recall": 1.0,
          "hit_rate": 1.0,
          "mean_tokens": 142.0,
          "correct_count": 1
        }
      }
    },
    "B": {
      "label": "B: 2-hop structured",
      "total": 170,
      "full_recall": 133,
      "partial_hits": 168,
      "mean_recall": 0.8952211341138676,
      "mean_tokens": 1587.9764705882353,
      "tokens_per_correct": 2029.7443609022557,
      "by_hop": {
        "0": {
          "hops": 0,
          "n": 57,
          "mean_recall": 0.8664489964799562,
          "hit_rate": 0.9649122807017544,
          "mean_tokens": 1557.140350877193,
          "correct_count": 46
        },
        "1": {
          "hops": 1,
          "n": 88,
          "mean_recall": 0.9886363636363636,
          "hit_rate": 1.0,
          "mean_tokens": 1813.0113636363637,
          "correct_count": 86
        },
        "4": {
          "hops": 4,
          "n": 13,
          "mean_recall": 0.5999999999999999,
          "hit_rate": 1.0,
          "mean_tokens": 921.5384615384615,
          "correct_count": 0
        },
        "3": {
          "hops": 3,
          "n": 6,
          "mean_recall": 0.75,
          "hit_rate": 1.0,
          "mean_tokens": 960.3333333333334,
          "correct_count": 0
        },
        "5": {
          "hops": 5,
          "n": 5,
          "mean_recall": 0.5,
          "hit_rate": 1.0,
          "mean_tokens": 623.2,
          "correct_count": 0
        },
        "2": {
          "hops": 2,
          "n": 1,
          "mean_recall": 1.0,
          "hit_rate": 1.0,
          "mean_tokens": 796.0,
          "correct_count": 1
        }
      }
    },
    "C": {
      "label": "C: same-nodes prose",
      "total": 170,
      "full_recall": 136,
      "partial_hits": 168,
      "mean_recall": 0.9211482404561989,
      "mean_tokens": 1115.4117647058824,
      "tokens_per_correct": 1394.264705882353,
      "by_hop": {
        "0": {
          "hops": 0,
          "n": 57,
          "mean_recall": 0.8844187288459734,
          "hit_rate": 0.9649122807017544,
          "mean_tokens": 1094.1929824561403,
          "correct_count": 46
        },
        "1": {
          "hops": 1,
          "n": 88,
          "mean_recall": 0.9886363636363636,
          "hit_rate": 1.0,
          "mean_tokens": 1260.1704545454545,
          "correct_count": 86
        },
        "4": {
          "hops": 4,
          "n": 13,
          "mean_recall": 0.7384615384615384,
          "hit_rate": 1.0,
          "mean_tokens": 703.3076923076923,
          "correct_count": 0
        },
        "3": {
          "hops": 3,
          "n": 6,
          "mean_recall": 0.875,
          "hit_rate": 1.0,
          "mean_tokens": 702.6666666666666,
          "correct_count": 3
        },
        "5": {
          "hops": 5,
          "n": 5,
          "mean_recall": 0.6666666666666666,
          "hit_rate": 1.0,
          "mean_tokens": 499.2,
          "correct_count": 0
        },
        "2": {
          "hops": 2,
          "n": 1,
          "mean_recall": 1.0,
          "hit_rate": 1.0,
          "mean_tokens": 501.0,
          "correct_count": 1
        }
      }
    }
  },
  "delta_B_minus_A": {
    "0": {
      "recall_delta_pp": -2.534955011735196,
      "tokens_delta": 1371.2280701754387
    },
    "1": {
      "recall_delta_pp": 6.6287878787878896,
      "tokens_delta": 1594.9886363636365
    },
    "2": {
      "recall_delta_pp": 0.0,
      "tokens_delta": 654.0
    },
    "3": {
      "recall_delta_pp": -20.833333333333336,
      "tokens_delta": 788.1666666666667
    },
    "4": {
      "recall_delta_pp": 16.923076923076913,
      "tokens_delta": 674.7692307692307
    },
    "5": {
      "recall_delta_pp": -16.666666666666664,
      "tokens_delta": 379.80000000000007
    }
  },
  "delta_B_minus_C": {
    "0": {
      "recall_delta_pp": -1.7969732366017177,
      "tokens_delta": 462.9473684210527
    },
    "1": {
      "recall_delta_pp": 0.0,
      "tokens_delta": 552.8409090909092
    },
    "2": {
      "recall_delta_pp": 0.0,
      "tokens_delta": 295.0
    },
    "3": {
      "recall_delta_pp": -12.5,
      "tokens_delta": 257.66666666666674
    },
    "4": {
      "recall_delta_pp": -13.846153846153852,
      "tokens_delta": 218.23076923076928
    },
    "5": {
      "recall_delta_pp": -16.666666666666664,
      "tokens_delta": 124.00000000000006
    }
  },
  "ratio_B_over_A": {
    "0": 0.9715748021634772,
    "1": 1.071868583162218,
    "2": 1.0,
    "3": 0.7826086956521738,
    "4": 1.3928571428571426,
    "5": 0.75
  },
  "verdict": "mixed: structure helps at some depths and hurts at others",
  "verdict_details": [
    "B - C is negative at hops 3,4,5 \u2014 structural routing is actively harmful"
  ]
}